Workbook

Sheet metadata
A1: Note: all this data was copied from "EAB_Michigan_2024_raw_data_photos_removed.xlsx" and then reorganized for better understanding
A4: microplot observations
A5: mstrlvl
A6: pltmstr
A7: center_tree_number
A8: percent_cover_0_0.5_1_3.5_8_15.5_25.5_etc | B8: percent cover in that microplot of ash seedlings (anything below 137 cm tall)
A9: ash_seedlings_notes | B9: notes on the microplot - generally what type of ground cover, and some (not all) of the understory plants found there
A11: plot observations
A12: center_tree_number
A13: mstrlvl
A14: plotmstr
A15: Park
A16: ash_plot_centers_notes_2024 | B16: notes on some (not all) of the tree species found at each plot, along with some other info on ash trees there
A17: Center_tree_updated_2024 | B17: info on the center tree, collected in 2024

Sheet microplot observations
A1: mstrlvl | B1: pltmstr | C1: center_tree_number | D1: percent_cover_0_0.5_1_3.5_8_15.5_25.5_etc | E1: ash_seedlings_notes
A2: =VLOOKUP(C2, Sheet2!$A$1:$C$130, 2, TRUE) -> xeric | B2: =VLOOKUP(C2, Sheet2!$A$1:$C$130, 3, TRUE) -> 1 | C2: 1 | D2: 3.5
A3: =VLOOKUP(C3, Sheet2!$A$1:$C$130, 2, TRUE) -> xeric | B3: =VLOOKUP(C3, Sheet2!$A$1:$C$130, 3, TRUE) -> 1 | C3: 1 | D3: 3.5
A4: =VLOOKUP(C4, Sheet2!$A$1:$C$130, 2, TRUE) -> xeric | B4: =VLOOKUP(C4, Sheet2!$A$1:$C$130, 3, TRUE) -> 1 | C4: 1 | D4: 15.5
A5: =VLOOKUP(C5, Sheet2!$A$1:$C$130, 2, TRUE) -> xeric | B5: =VLOOKUP(C5, Sheet2!$A$1:$C$130, 3, TRUE) -> 1 | C5: 1 | D5: 3.5
A6: =VLOOKUP(C6, Sheet2!$A$1:$C$130, 2, TRUE) -> xeric | B6: =VLOOKUP(C6, Sheet2!$A$1:$C$130, 3, TRUE) -> 1 | C6: 2 | D6: 3.5
A7: =VLOOKUP(C7, Sheet2!$A$1:$C$130, 2, TRUE) -> xeric | B7: =VLOOKUP(C7, Sheet2!$A$1:$C$130, 3, TRUE) -> 1 | C7: 2 | D7: 3.5
A8: =VLOOKUP(C8, Sheet2!$A$1:$C$130, 2, TRUE) -> xeric | B8: =VLOOKUP(C8, Sheet2!$A$1:$C$130, 3, TRUE) -> 1 | C8: 2 | D8: 0
A9: =VLOOKUP(C9, Sheet2!$A$1:$C$130, 2, TRUE) -> xeric | B9: =VLOOKUP(C9, Sheet2!$A$1:$C$130, 3, TRUE) -> 1 | C9: 2 | D9: 8 | E9: In NW - there is an approx. 2m tall ash just outside the microplot.
A10: =VLOOKUP(C10, Sheet2!$A$1:$C$130, 2, TRUE) -> xeric | B10: =VLOOKUP(C10, Sheet2!$A$1:$C$130, 3, TRUE) -> 1 | C10: 3 | D10: 0
A11: =VLOOKUP(C11, Sheet2!$A$1:$C$130, 2, TRUE) -> xeric | B11: =VLOOKUP(C11, Sheet2!$A$1:$C$130, 3, TRUE) -> 1 | C11: 3 | D11: 0 | E11: 1m north of a fork of fallen elm (2nd fork on left).
A12: =VLOOKUP(C12, Sheet2!$A$1:$C$130, 2, TRUE) -> xeric | B12: =VLOOKUP(C12, Sheet2!$A$1:$C$130, 3, TRUE) -> 1 | C12: 3 | D12: 0 | E12: Just .5m east of autum olive.
A13: =VLOOKUP(C13, Sheet2!$A$1:$C$130, 2, TRUE) -> xeric | B13: =VLOOKUP(C13, Sheet2!$A$1:$C$130, 3, TRUE) -> 1 | C13: 3 | D13: 0
A14: =VLOOKUP(C14, Sheet2!$A$1:$C$130, 2, TRUE) -> xeric | B14: =VLOOKUP(C14, Sheet2!$A$1:$C$130, 3, TRUE) -> 1 | C14: 7 | D14: 0 | E14: fallen leaves
A15: =VLOOKUP(C15, Sheet2!$A$1:$C$130, 2, TRUE) -> xeric | B15: =VLOOKUP(C15, Sheet2!$A$1:$C$130, 3, TRUE) -> 1 | C15: 7 | D15: 8 | E15: fallen leaves - short grasses
A16: =VLOOKUP(C16, Sheet2!$A$1:$C$130, 2, TRUE) -> xeric | B16: =VLOOKUP(C16, Sheet2!$A$1:$C$130, 3, TRUE) -> 1 | C16: 7 | D16: 8 | E16: fallen leaves- short grasses
A17: =VLOOKUP(C17, Sheet2!$A$1:$C$130, 2, TRUE) -> xeric | B17: =VLOOKUP(C17, Sheet2!$A$1:$C$130, 3, TRUE) -> 1 | C17: 7 | D17: 3.5 | E17: fallen leaves - short grasses
A18: =VLOOKUP(C18, Sheet2!$A$1:$C$130, 2, TRUE) -> xeric | B18: =VLOOKUP(C18, Sheet2!$A$1:$C$130, 3, TRUE) -> 1 | C18: 8 | D18: 3.5 | E18: tall grasses - fallen leaves
A19: =VLOOKUP(C19, Sheet2!$A$1:$C$130, 2, TRUE) -> xeric | B19: =VLOOKUP(C19, Sheet2!$A$1:$C$130, 3, TRUE) -> 1 | C19: 8 | D19: 0 | E19: fallen leaves
A20: =VLOOKUP(C20, Sheet2!$A$1:$C$130, 2, TRUE) -> xeric | B20: =VLOOKUP(C20, Sheet2!$A$1:$C$130, 3, TRUE) -> 1 | C20: 8 | D20: 0 | E20: fallen leaves
A21: =VLOOKUP(C21, Sheet2!$A$1:$C$130, 2, TRUE) -> xeric | B21: =VLOOKUP(C21, Sheet2!$A$1:$C$130, 3, TRUE) -> 1 | C21: 8 | D21: 3.5 | E21: American jumpseed - fallen leaves
A22: =VLOOKUP(C22, Sheet2!$A$1:$C$130, 2, TRUE) -> xeric | B22: =VLOOKUP(C22, Sheet2!$A$1:$C$130, 3, TRUE) -> 1 | C22: 9 | D22: 3.5 | E22: fallen leaves - herbicides maybe being used on invasives here
A23: =VLOOKUP(C23, Sheet2!$A$1:$C$130, 2, TRUE) -> xeric | B23: =VLOOKUP(C23, Sheet2!$A$1:$C$130, 3, TRUE) -> 1 | C23: 9 | D23: 0 | E23: fallen leaves
A24: =VLOOKUP(C24, Sheet2!$A$1:$C$130, 2, TRUE) -> xeric | B24: =VLOOKUP(C24, Sheet2!$A$1:$C$130, 3, TRUE) -> 1 | C24: 9 | D24: 1 | E24: fallen leaves - short grasses - tall grasses
A25: =VLOOKUP(C25, Sheet2!$A$1:$C$130, 2, TRUE) -> xeric | B25: =VLOOKUP(C25, Sheet2!$A$1:$C$130, 3, TRUE) -> 1 | C25: 9 | D25: 3.5 | E25: beech seedling - fallen leaves
... A36: =VLOOKUP(C36, Sheet2!$A$1:$C$130, 2, TRUE) -> xeric | B36: =VLOOKUP(C36, Sheet2!$A$1:$C$130, 3, TRUE) -> 1 | C36: 14 | D36: 8 | E36: short grasses - may apple
A37: =VLOOKUP(C37, Sheet2!$A$1:$C$130, 2, TRUE) -> xeric | B37: =VLOOKUP(C37, Sheet2!$A$1:$C$130, 3, TRUE) -> 1 | C37: 14 | D37: 35.5
A38: =VLOOKUP(C38, Sheet2!$A$1:$C$130, 2, TRUE) -> xeric | B38: =VLOOKUP(C38, Sheet2!$A$1:$C$130, 3, TRUE) -> 1 | C38: 15 | D38: 8 | E38: may apple - fallen leaves - Celastrus
A39: =VLOOKUP(C39, Sheet2!$A$1:$C$130, 2, TRUE) -> xeric | B39: =VLOOKUP(C39, Sheet2!$A$1:$C$130, 3, TRUE) -> 1 | C39: 15 | D39: 3.5 | E39: galls on ash - fallen leaves
A40: =VLOOKUP(C40, Sheet2!$A$1:$C$130, 2, TRUE) -> xeric | B40: =VLOOKUP(C40, Sheet2!$A$1:$C$130, 3, TRUE) -> 1 | C40: 15 | D40: 3.5 | E40: fallen leaves
A41: =VLOOKUP(C41, Sheet2!$A$1:$C$130, 2, TRUE) -> xeric | B41: =VLOOKUP(C41, Sheet2!$A$1:$C$130, 3, TRUE) -> 1 | C41: 15 | D41: 0 | E41: fallen leaves
A42: =VLOOKUP(C42, Sheet2!$A$1:$C$130, 2, TRUE) -> xeric | B42: =VLOOKUP(C42, Sheet2!$A$1:$C$130, 3, TRUE) -> 1 | C42: 19 | D42: 1 | E42: fallen leaves
A43: =VLOOKUP(C43, Sheet2!$A$1:$C$130, 2, TRUE) -> xeric | B43: =VLOOKUP(C43, Sheet2!$A$1:$C$130, 3, TRUE) -> 1 | C43: 19 | D43: 1 | E43: fallen leaves - galls on ash
A44: =VLOOKUP(C44, Sheet2!$A$1:$C$130, 2, TRUE) -> xeric | B44: =VLOOKUP(C44, Sheet2!$A$1:$C$130, 3, TRUE) -> 1 | C44: 19 | D44: 0 | E44: fallen leaves
A45: =VLOOKUP(C45, Sheet2!$A$1:$C$130, 2, TRUE) -> xeric | B45: =VLOOKUP(C45, Sheet2!$A$1:$C$130, 3, TRUE) -> 1 | C45: 19 | D45: 8 | E45: one ash seedling with dying leaves
A46: =VLOOKUP(C46, Sheet2!$A$1:$C$130, 2, TRUE) -> xeric | B46: =VLOOKUP(C46, Sheet2!$A$1:$C$130, 3, TRUE) -> 1 | C46: 20 | D46: 0.5 | E46: American jumpseed - Arabidopsis thing
A47: =VLOOKUP(C47, Sheet2!$A$1:$C$130, 2, TRUE) -> xeric | B47: =VLOOKUP(C47, Sheet2!$A$1:$C$130, 3, TRUE) -> 1 | C47: 20 | D47: 1 | E47: American jumpseed - Arabidopsis thing
A48: =VLOOKUP(C48, Sheet2!$A$1:$C$130, 2, TRUE) -> xeric | B48: =VLOOKUP(C48, Sheet2!$A$1:$C$130, 3, TRUE) -> 1 | C48: 20 | D48: 1 | E48: fallen leaves
A49: =VLOOKUP(C49, Sheet2!$A$1:$C$130, 2, TRUE) -> xeric | B49: =VLOOKUP(C49, Sheet2!$A$1:$C$130, 3, TRUE) -> 1 | C49: 20 | D49: 0 | E49: fallen leaves
... A53: =VLOOKUP(C53, Sheet2!$A$1:$C$130, 2, TRUE) -> xeric | B53: =VLOOKUP(C53, Sheet2!$A$1:$C$130, 3, TRUE) -> 1 | C53: 21 | D53: 0 | E53: fallen leaves
A54: =VLOOKUP(C54, Sheet2!$A$1:$C$130, 2, TRUE) -> xeric | B54: =VLOOKUP(C54, Sheet2!$A$1:$C$130, 3, TRUE) -> 1 | C54: 26
A55: =VLOOKUP(C55, Sheet2!$A$1:$C$130, 2, TRUE) -> xeric | B55: =VLOOKUP(C55, Sheet2!$A$1:$C$130, 3, TRUE) -> 1 | C55: 26 | D55: 25.5
A56: =VLOOKUP(C56, Sheet2!$A$1:$C$130, 2, TRUE) -> xeric | B56: =VLOOKUP(C56, Sheet2!$A$1:$C$130, 3, TRUE) -> 1 | C56: 26 | D56: 25.5
A57: =VLOOKUP(C57, Sheet2!$A$1:$C$130, 2, TRUE) -> xeric | B57: =VLOOKUP(C57, Sheet2!$A$1:$C$130, 3, TRUE) -> 1 | C57: 26 | D57: 8 | E57: Barberry around SW
A58: =VLOOKUP(C58, Sheet2!$A$1:$C$130, 2, TRUE) -> xeric | B58: =VLOOKUP(C58, Sheet2!$A$1:$C$130, 3, TRUE) -> 1 | C58: 27 | D58: 3.5
A59: =VLOOKUP(C59, Sheet2!$A$1:$C$130, 2, TRUE) -> xeric | B59: =VLOOKUP(C59, Sheet2!$A$1:$C$130, 3, TRUE) -> 1 | C59: 27 | D59: 1 | E59: May apple all around
A60: =VLOOKUP(C60, Sheet2!$A$1:$C$130, 2, TRUE) -> xeric | B60: =VLOOKUP(C60, Sheet2!$A$1:$C$130, 3, TRUE) -> 1 | C60: 27 | D60: 55.5 | E60: Barberry on SW
A61: =VLOOKUP(C61, Sheet2!$A$1:$C$130, 2, TRUE) -> xeric | B61: =VLOOKUP(C61, Sheet2!$A$1:$C$130, 3, TRUE) -> 1 | C61: 27 | D61: 8
A62: =VLOOKUP(C62, Sheet2!$A$1:$C$130, 2, TRUE) -> xeric | B62: =VLOOKUP(C62, Sheet2!$A$1:$C$130, 3, TRUE) -> 1 | C62: 29 | D62: 8 | E62: blue cohosh (see photo)
A63: =VLOOKUP(C63, Sheet2!$A$1:$C$130, 2, TRUE) -> xeric | B63: =VLOOKUP(C63, Sheet2!$A$1:$C$130, 3, TRUE) -> 1 | C63: 29 | D63: 8 | E63: taller grasses - bloodroot - fallen leaves
A64: =VLOOKUP(C64, Sheet2!$A$1:$C$130, 2, TRUE) -> xeric | B64: =VLOOKUP(C64, Sheet2!$A$1:$C$130, 3, TRUE) -> 1 | C64: 29 | D64: 0 | E64: fallen leaves - blue cohosh - dead ash
A65: =VLOOKUP(C65, Sheet2!$A$1:$C$130, 2, TRUE) -> xeric | B65: =VLOOKUP(C65, Sheet2!$A$1:$C$130, 3, TRUE) -> 1 | C65: 29 | D65: 1 | E65: fallen leaves - grasses
A66: =VLOOKUP(C66, Sheet2!$A$1:$C$130, 2, TRUE) -> xeric | B66: =VLOOKUP(C66, Sheet2!$A$1:$C$130, 3, TRUE) -> 1 | C66: 30 | D66: 8 | E66: fallen leaves
A67: =VLOOKUP(C67, Sheet2!$A$1:$C$130, 2, TRUE) -> xeric | B67: =VLOOKUP(C67, Sheet2!$A$1:$C$130, 3, TRUE) -> 1 | C67: 30 | D67: 15.5 | E67: fallen leaves - galls on seedlings
A68: =VLOOKUP(C68, Sheet2!$A$1:$C$130, 2, TRUE) -> xeric | B68: =VLOOKUP(C68, Sheet2!$A$1:$C$130, 3, TRUE) -> 1 | C68: 30 | D68: 8 | E68: fallen leaves - coarse woody debris - short grasses
A69: =VLOOKUP(C69, Sheet2!$A$1:$C$130, 2, TRUE) -> xeric | B69: =VLOOKUP(C69, Sheet2!$A$1:$C$130, 3, TRUE) -> 1 | C69: 30 | D69: 25.5 | E69: fallen leaves - Ostrya - tulip poplar - short grasses
A70: =VLOOKUP(C70, Sheet2!$A$1:$C$130, 2, TRUE) -> xeric | B70: =VLOOKUP(C70, Sheet2!$A$1:$C$130, 3, TRUE) -> 1 | C70: 31 | D70: 1
A71: =VLOOKUP(C71, Sheet2!$A$1:$C$130, 2, TRUE) -> xeric | B71: =VLOOKUP(C71, Sheet2!$A$1:$C$130, 3, TRUE) -> 1 | C71: 31 | D71: 0.5 | E71: Big rock - downed branch
A72: =VLOOKUP(C72, Sheet2!$A$1:$C$130, 2, TRUE) -> xeric | B72: =VLOOKUP(C72, Sheet2!$A$1:$C$130, 3, TRUE) -> 1 | C72: 31 | D72: 8
A73: =VLOOKUP(C73, Sheet2!$A$1:$C$130, 2, TRUE) -> xeric | B73: =VLOOKUP(C73, Sheet2!$A$1:$C$130, 3, TRUE) -> 1 | C73: 31 | D73: 15.5
A74: =VLOOKUP(C74, Sheet2!$A$1:$C$130, 2, TRUE) -> xeric | B74: =VLOOKUP(C74, Sheet2!$A$1:$C$130, 3, TRUE) -> 1 | C74: 33 | D74: 15.5 | E74: Big tree down covering NE to SE - Barberry
A75: =VLOOKUP(C75, Sheet2!$A$1:$C$130, 2, TRUE) -> xeric | B75: =VLOOKUP(C75, Sheet2!$A$1:$C$130, 3, TRUE) -> 1 | C75: 33 | D75: 3.5
A76: =VLOOKUP(C76, Sheet2!$A$1:$C$130, 2, TRUE) -> xeric | B76: =VLOOKUP(C76, Sheet2!$A$1:$C$130, 3, TRUE) -> 1 | C76: 33 | D76: 0.5 | E76: Lots of spicebush
A77: =VLOOKUP(C77, Sheet2!$A$1:$C$130, 2, TRUE) -> xeric | B77: =VLOOKUP(C77, Sheet2!$A$1:$C$130, 3, TRUE) -> 1 | C77: 33 | D77: 1 | E77: not counting ash taller than dbh for % cover - Honeysuckle
A78: =VLOOKUP(C78, Sheet2!$A$1:$C$130, 2, TRUE) -> xeric | B78: =VLOOKUP(C78, Sheet2!$A$1:$C$130, 3, TRUE) -> 1 | C78: 34 | D78: 25.5 | E78: pine needles
A79: =VLOOKUP(C79, Sheet2!$A$1:$C$130, 2, TRUE) -> xeric | B79: =VLOOKUP(C79, Sheet2!$A$1:$C$130, 3, TRUE) -> 1 | C79: 34 | D79: 0 | E79: Equisetum?
A80: =VLOOKUP(C80, Sheet2!$A$1:$C$130, 2, TRUE) -> xeric | B80: =VLOOKUP(C80, Sheet2!$A$1:$C$130, 3, TRUE) -> 1 | C80: 34 | D80: 15.5
A81: =VLOOKUP(C81, Sheet2!$A$1:$C$130, 2, TRUE) -> xeric | B81: =VLOOKUP(C81, Sheet2!$A$1:$C$130, 3, TRUE) -> 1 | C81: 34 | D81: 1
A82: =VLOOKUP(C82, Sheet2!$A$1:$C$130, 2, TRUE) -> xeric | B82: =VLOOKUP(C82, Sheet2!$A$1:$C$130, 3, TRUE) -> 1 | C82: 35 | D82: 0.5 | E82: Lots of grasses - some ferns
A83: =VLOOKUP(C83, Sheet2!$A$1:$C$130, 2, TRUE) -> xeric | B83: =VLOOKUP(C83, Sheet2!$A$1:$C$130, 3, TRUE) -> 1 | C83: 35 | D83: 0.5 | E83: grasses - Sassafras
A84: =VLOOKUP(C84, Sheet2!$A$1:$C$130, 2, TRUE) -> xeric | B84: =VLOOKUP(C84, Sheet2!$A$1:$C$130, 3, TRUE) -> 1 | C84: 35 | D84: 0.5 | E84: spicebush
A85: =VLOOKUP(C85, Sheet2!$A$1:$C$130, 2, TRUE) -> xeric | B85: =VLOOKUP(C85, Sheet2!$A$1:$C$130, 3, TRUE) -> 1 | C85: 35 | D85: 0 | E85: spicebush
A86: =VLOOKUP(C86, Sheet2!$A$1:$C$130, 2, TRUE) -> xeric | B86: =VLOOKUP(C86, Sheet2!$A$1:$C$130, 3, TRUE) -> 1 | C86: 36 | D86: 0 | E86: Fallen branches and horsetail
A87: =VLOOKUP(C87, Sheet2!$A$1:$C$130, 2, TRUE) -> xeric | B87: =VLOOKUP(C87, Sheet2!$A$1:$C$130, 3, TRUE) -> 1 | C87: 36 | D87: 1
A88: =VLOOKUP(C88, Sheet2!$A$1:$C$130, 2, TRUE) -> xeric | B88: =VLOOKUP(C88, Sheet2!$A$1:$C$130, 3, TRUE) -> 1 | C88: 36 | D88: 3.5
A89: =VLOOKUP(C89, Sheet2!$A$1:$C$130, 2, TRUE) -> xeric | B89: =VLOOKUP(C89, Sheet2!$A$1:$C$130, 3, TRUE) -> 1 | C89: 36 | D89: 1 | E89: A lot of fallen branches
A90: =VLOOKUP(C90, Sheet2!$A$1:$C$130, 2, TRUE) -> mesic | B90: =VLOOKUP(C90, Sheet2!$A$1:$C$130, 3, TRUE) -> 1 | C90: 53 | D90: 15.5 | E90: not counting taller than dbh for % cover
A91: =VLOOKUP(C91, Sheet2!$A$1:$C$130, 2, TRUE) -> mesic | B91: =VLOOKUP(C91, Sheet2!$A$1:$C$130, 3, TRUE) -> 1 | C91: 53 | D91: 25.5 | E91: not counting taller than dbh for % cover
A92: =VLOOKUP(C92, Sheet2!$A$1:$C$130, 2, TRUE) -> mesic | B92: =VLOOKUP(C92, Sheet2!$A$1:$C$130, 3, TRUE) -> 1 | C92: 53 | D92: 3.5 | E92: not counting taller than dbh for % cover
A93: =VLOOKUP(C93, Sheet2!$A$1:$C$130, 2, TRUE) -> mesic | B93: =VLOOKUP(C93, Sheet2!$A$1:$C$130, 3, TRUE) -> 1 | C93: 53 | D93: 3.5 | E93: not counting taller than dbh for % cover
A94: =VLOOKUP(C94, Sheet2!$A$1:$C$130, 2, TRUE) -> xeric | B94: =VLOOKUP(C94, Sheet2!$A$1:$C$130, 3, TRUE) -> 1 | C94: 58 | D94: 65.5
A95: =VLOOKUP(C95, Sheet2!$A$1:$C$130, 2, TRUE) -> xeric | B95: =VLOOKUP(C95, Sheet2!$A$1:$C$130, 3, TRUE) -> 1 | C95: 58 | D95: 15.5 | E95: dead Ostrya
A96: =VLOOKUP(C96, Sheet2!$A$1:$C$130, 2, TRUE) -> xeric | B96: =VLOOKUP(C96, Sheet2!$A$1:$C$130, 3, TRUE) -> 1 | C96: 58 | D96: 25.5 | E96: viburnum (see photo)
A97: =VLOOKUP(C97, Sheet2!$A$1:$C$130, 2, TRUE) -> xeric | B97: =VLOOKUP(C97, Sheet2!$A$1:$C$130, 3, TRUE) -> 1 | C97: 58 | D97: 25.5 | E97: wingstem - dogwood - Ostrya (?)
A98: =VLOOKUP(C98, Sheet2!$A$1:$C$130, 2, TRUE) -> xeric | B98: =VLOOKUP(C98, Sheet2!$A$1:$C$130, 3, TRUE) -> 1 | C98: 59 | D98: 1 | E98: tulip poplar - fallen leaves - CWD
A99: =VLOOKUP(C99, Sheet2!$A$1:$C$130, 2, TRUE) -> xeric | B99: =VLOOKUP(C99, Sheet2!$A$1:$C$130, 3, TRUE) -> 1 | C99: 59 | D99: 1 | E99: fallen leaves - Prunus
A100: =VLOOKUP(C100, Sheet2!$A$1:$C$130, 2, TRUE) -> xeric | B100: =VLOOKUP(C100, Sheet2!$A$1:$C$130, 3, TRUE) -> 1 | C100: 59 | D100: 3.5 | E100: Witch hazel - fallen leaves - CWD
A101: =VLOOKUP(C101, Sheet2!$A$1:$C$130, 2, TRUE) -> xeric | B101: =VLOOKUP(C101, Sheet2!$A$1:$C$130, 3, TRUE) -> 1 | C101: 59 | D101: 3.5 | E101: fallen leaves - viburnum
A102: =VLOOKUP(C102, Sheet2!$A$1:$C$130, 2, TRUE) -> xeric | B102: =VLOOKUP(C102, Sheet2!$A$1:$C$130, 3, TRUE) -> 1 | C102: 60 | D102: 25.5 | E102: sassafrass - hickory
A103: =VLOOKUP(C103, Sheet2!$A$1:$C$130, 2, TRUE) -> xeric | B103: =VLOOKUP(C103, Sheet2!$A$1:$C$130, 3, TRUE) -> 1 | C103: 60 | D103: 45.5 | E103: short grasses - viburnum
A104: =VLOOKUP(C104, Sheet2!$A$1:$C$130, 2, TRUE) -> xeric | B104: =VLOOKUP(C104, Sheet2!$A$1:$C$130, 3, TRUE) -> 1 | C104: 60 | D104: 75.5
A105: =VLOOKUP(C105, Sheet2!$A$1:$C$130, 2, TRUE) -> xeric | B105: =VLOOKUP(C105, Sheet2!$A$1:$C$130, 3, TRUE) -> 1 | C105: 60
A106: =VLOOKUP(C106, Sheet2!$A$1:$C$130, 2, TRUE) -> mesic | B106: =VLOOKUP(C106, Sheet2!$A$1:$C$130, 3, TRUE) -> 1 | C106: 85 | D106: 8 | E106: fallen leaves - oak - hickory seedlings - dogwood
A107: =VLOOKUP(C107, Sheet2!$A$1:$C$130, 2, TRUE) -> mesic | B107: =VLOOKUP(C107, Sheet2!$A$1:$C$130, 3, TRUE) -> 1 | C107: 85 | D107: 3.5 | E107: fallen leaves - coarse woody debris
A108: =VLOOKUP(C108, Sheet2!$A$1:$C$130, 2, TRUE) -> mesic | B108: =VLOOKUP(C108, Sheet2!$A$1:$C$130, 3, TRUE) -> 1 | C108: 85 | D108: 65.5 | E108: potential deer browse
A109: =VLOOKUP(C109, Sheet2!$A$1:$C$130, 2, TRUE) -> mesic | B109: =VLOOKUP(C109, Sheet2!$A$1:$C$130, 3, TRUE) -> 1 | C109: 85 | D109: 0.5 | E109: coarse woody debris - fallen leaves
A110: =VLOOKUP(C110, Sheet2!$A$1:$C$130, 2, TRUE) -> xeric | B110: =VLOOKUP(C110, Sheet2!$A$1:$C$130, 3, TRUE) -> 1 | C110: 88 | D110: 0.5 | E110: may apple - fallen leaves - spice bush - bittersweet(?)
A111: =VLOOKUP(C111, Sheet2!$A$1:$C$130, 2, TRUE) -> xeric | B111: =VLOOKUP(C111, Sheet2!$A$1:$C$130, 3, TRUE) -> 1 | C111: 88 | D111: 8 | E111: may apple - Desmodium
A112: =VLOOKUP(C112, Sheet2!$A$1:$C$130, 2, TRUE) -> xeric | B112: =VLOOKUP(C112, Sheet2!$A$1:$C$130, 3, TRUE) -> 1 | C112: 88 | D112: 45.5 | E112: fallen leaves - Desmodium
A113: =VLOOKUP(C113, Sheet2!$A$1:$C$130, 2, TRUE) -> xeric | B113: =VLOOKUP(C113, Sheet2!$A$1:$C$130, 3, TRUE) -> 1 | C113: 88 | D113: 15.5 | E113: fallen leaves
...

Sheet plot observations
A1: center_tree_number | B1: mstrlvl | C1: plotmstr | D1: Park | E1: ash_plot_centers_notes_2024 | F1: Center_tree_updated_2024
A2: 1 | B2: xeric | C2: 1 | D2: Kensington | F2: 23.2 cm black cherry
A3: 2 | B3: xeric | C3: 1 | D3: Kensington | F3: 11.25 cm choke cherry
A4: 3 | B4: xeric | C4: 1 | D4: Kensington | F4: Center tree down - stump remains - PVC placed on S side.
A5: 7 | B5: xeric | C5: 1 | D5: Kensington | E5: basswoods - big oaks - hickories - beech - elm (slippery??) | F5: 18.6 cm Carya
A6: 8 | B6: xeric | C6: 1 | D6: Kensington | E6: Serviceberry - hawthorn - hickory - white oak - red oak - elm | F6: 36.7 + 12.8 cm Carya spp - tree tag partly swallowed
A7: 9 | B7: xeric | C7: 1 | D7: Kensington | E7: Red oak - cherry - walnut - hickory - red maple - white oak - beech | F7: 16.1 cm Quercus alba
A8: 12 | B8: xeric | C8: 1 | D8: Hudson Mills | E8: Possibly serviceberry (see photos). Understory with American jumpseed. Red oaks - bigger Ostrya - cherry - hickory- white oak - some (few) Tilia. | F8: 32.8 cm Prunus
A9: 13 | B9: xeric | C9: 1 | D9: Kensington | E9: very few ash - big red oaks - cherries - white oaks - Ostrya - Crataegus - hickory - some red maples - beech | F9: 25.9 cm - 1 trunk
A10: 14 | B10: xeric | C10: 1 | D10: Kensington | E10: Serviceberry - red oak - white oak - hickory - cherry - red maple | F10: 10.9 cm Amelanchier
A11: 15 | B11: xeric | C11: 1 | D11: Kensington | E11: Ostrya - red oaks - cherry - 1 bigtooth aspen - dogwood - hickory. Understory sparse - some honeysuckle and Celastrus. | F11: 9.8 cm Ostrya
A12: 19 | B12: xeric | C12: 1 | D12: Kensington | E12: Sunnier spots covered with an Arabidopsis-type plant and American jumpseed. Black oak (?)(leaves with wider lobes) - walnut - sassafrass - white oak - cherry - elm - maple spp | F12: 33.0 cm Acer spp,
A13: 20 | B13: xeric | C13: 1 | D13: Kensington | E13: Cottonwood - walnut - hickory - slippery elm - cherry - oak (post oak??) | F13: 25.2 cm cherry
A14: 21 | B14: xeric | C14: 1 | D14: Kensington | E14: Lots of red or black oak - cherry - beech - sassafrass. Some red maple - slippery elm - hickory | F14: Center tree down
A15: 26 | B15: xeric | C15: 1 | D15: Proud Lake | F15: 13.7 cm Quercus
A16: 27 | B16: xeric | C16: 1 | D16: Proud Lake | F16: 22.8 cm Prunus serotina
A17: 29 | B17: xeric | C17: 1 | D17: Highland | E17: Lots of sugar maple - beech - Ostrya - smooth barked hickory - maybe a tuliptree | F17: 48.5 cm Acer saccharum - tree tag missing - only 1 microplot PVC found - no rebar found - map and GARMIN match the tree we found
A18: 30 | B18: xeric | C18: 1 | D18: Highland | E18: Tuliptree - hickory (smooth and shaggy barked) - red oak - LOTS of maple (sugar?) - Ostrya | F18: 48.1 cm Quercus (red or black oak) - tree tag almost swallowed
A19: 31 | B19: xeric | C19: 1 | D19: Proud Lake | F19: 16.2 cm Acer rubrum - tree tag mostly swallowed
A20: 33 | B20: xeric | C20: 1 | D20: Proud Lake | F20: Prunus serotina 19.9 cm - tree tag missing
A21: 34 | B21: xeric | C21: 1 | D21: Proud Lake | E21: dominant species maple beech and some pine | F21: Acer rubrum 2-stem 5.4 + 4.3 cm
A22: 35 | B22: xeric | C22: 1 | D22: Proud Lake | E22: dominant species maple and beech | F22: Acer 25.5 cm + 18.5 cm + 11.5 cm 3-stem
A23: 36 | B23: xeric | C23: 1 | D23: Proud Lake | F23: 23.6 cm black oak
A24: 53 | B24: mesic | C24: 1 | D24: Pontiac Lake | E24: a lot of vine pressure at this site - vines are competing with ash trees | F24: Q. rubra 28.1 cm
A25: 58 | B25: xeric | C25: 1 | D25: Pontiac Lake | F25: 34.5 cm Quercus (red oak group) - tree tag partly swallowed
A26: 59 | B26: xeric | C26: 1 | D26: Pontiac Lake | E26: Bigger witchhazels in the understory - tulip poplar - Populus - red oak - Tilia - Acer - wingstem in understory | F26: 24.7 cm at DBH (2 fused trunks)
A27: 60 | B27: xeric | C27: 1 | D27: Pontiac Lake | E27: Red oak - red maple - hickory (mockernut?, shagbark?) - dogwood (alternate leaved?) - white oak - cherry (choke cherry?) - sassafrass - viburnum in understory | F27: 29.9 cm hickory
A28: 85 | B28: mesic | C28: 1 | D28: Highland | E28: White oak - sugar maple - Populus (bigtooth aspen?) - cherry - swamp white oak (?) - red oak - beech - white oak - swampy part has an interesting sedge (see photo) | F28: We cannot find the center tree. We found 2 microplots as well as a depression where a tree once was. The North and West microplots were replaced.
A29: 88 | B29: xeric | C29: 1 | D29: Highland | E29: A slightly open area in the East is filled with Desmodium (tick-trefoil) and a mystery herbaceous plant (see photo). Dogwoods are doing well in the open areas. Most of the plot has large oaks (likely red oak)(see acorn photo)(leaf litter is dominated by red oak) - some red maple | F29: 21.9 cm Acer spp.
A30: 89 | B30: xeric | C30: 1 | D30: Highland | E30: White oaks - hickories - red maple - Sassafras - red or black oak - Ostrya. Wet part to the South has cattail - poison sumac. | F30: 54.4 cm Quercus alba
A31: 90 | B31: xeric | C31: 1 | D31: Highland | E31: Black oak - Ostrya - white oak - hickories - beech - cherry | F31: 25.6 cm beech - tree tag partly swallowed
A32: 93 | B32: xeric | C32: 1 | D32: Hudson Mills
A33: 101 | B33: xeric | C33: 1 | D33: Pontiac Lake | E33: Populus - Acer - white oak - hickory - sassafrass - Prunus understory - Tilia | F33: 24.0 cm Acer rubrum
A34: 112 | B34: xeric | C34: 1 | D34: Kensington | F34: Center tree down. Center tree does have PVC and metal stake.
A35: 113 | B35: xeric | C35: 1 | D35: Kensington | E35: North and West microplots are in the equestrian path - those PVCs were not placed | F35: 57.3 cm DBH Walnut
A36: 114 | B36: xeric | C36: 1 | D36: Kensington | F36: 96 cm Walnut
A37: 10 | B37: xeric | C37: 2 | D37: Hudson Mills | E37: Bigtooth aspen - bitternut (and other Carya (?)) - walnut - some smaller Tilia - an elm - Prunus (choke?) | F37: 40.6 cm Quercus (red oak group) - tag missing
A38: 11 | B38: xeric | C38: 2 | D38: Hudson Mills | E38: Cherry - elm - Tilia (lots) - Ostrya - hickory - white and red oak - Sassafrass - sugar maple. Some ash small trees in the 8-18 m or just outside it. | F38: Tree down - missing. Rebar intact.
A39: 16 | B39: mesic | C39: 2 | D39: Island Lake | E39: Tilia - bitternut hickory - sugar maple - beech - red oak - serviceberry or musclewood (see photo) - Ostrya - cottonwood (? See photo) | F39: 57.6 cm Acer saccharum - tree tag mostly swallowed
A40: 32 | B40: xeric | C40: 2 | D40: Proud Lake | F40: 43 cm + 19.7 cm Prunus 2-stem - tree tag missing
A41: 49 | B41: xeric | C41: 2 | D41: Pontiac Lake | F41: Acer rubrum 15.9 cm
A42: 50 | B42: xeric | C42: 2 | D42: Pontiac Lake | F42: Acer rubrum 40.0 cm
A43: 51 | B43: xeric | C43: 2 | D43: Pontiac Lake | F43: 31.8 cm white oak
A44: 55 | B44: xeric | C44: 2 | D44: Pontiac Lake | E44: Basswoods - red oaks - hickories - red maple - sugar maple - Ostryia - maybe Carpinus - lots of spring wildflowers and ghost pipe in the understory - ash mostly in the seedling size | F44: Carya spp. 38.1 cm (tree tag mostly swallowed)
A45: 56 | B45: xeric | C45: 2 | D45: Pontiac Lake | F45: Sassafras 16.8 cm
A46: 57 | B46: xeric | C46: 2 | D46: Pontiac Lake | F46: 39.7 cm DBH Quercus rubra - Tree tag swallowed or missing
A47: 67 | B47: mesic | C47: 2 | D47: Indian Springs | F47: 24.7 cm + 23.7 cm 2-stem Acer saccharum - tree tag likely swallowed
A48: 69 | B48: mesic | C48: 2 | D48: Indian Springs | E48: The site has a wetter (south) side that is covered with interesting sedges and grasses (along with elms - silver maple - swamp white oak - musclewood). The drier side of the site is beech - sugar maple - red oak | F48: 10.1 cm + 22.8 cm 2-stem Tilia americana
A49: 73 | B49: xeric | C49: 2 | D49: Indian Springs | E49: Site dominated by Acer - Ostrya - Quercus - Prunus - Carya | F49: 29.8 cm Quercus rubra - tree tag missing
A50: 75 | B50: xeric | C50: 2 | D50: Indian Springs | E50: See rows 75_north and 75_south | F50: See row 75_south
A51: 80 | B51: mesic | C51: 2 | D51: Indian Springs | E51: Bitternut hickory - red oak - sugar maple - cherry - swamp white oak - understory covered in ash seedlings | F51: 17.4 cm Quercus rubra
A52: 81 | B52: mesic | C52: 2 | D52: Indian Springs | F52: Tree down - missing. Rebar intact.
A53: 82 | B53: xeric | C53: 2 | D53: Highland | F53: Tree decomposed. I moved the rebar about a foot to get it out from under a log.
A54: 83 | B54: xeric | C54: 2 | D54: Highland | E54: Many maples - Carpinus - Ostrya | F54: 15.6 cm Acer spp.
A55: 84 | B55: xeric | C55: 2 | D55: Highland | E55: Red oaks - sugar maple - beech - hickory | F55: Tree down. (Ostrya 2-stem)
A56: 91 | B56: xeric | C56: 2 | D56: Hudson Mills | F56: 57.2 + 46.8 cm Quercus rubra
A57: 92 | B57: xeric | C57: 2 | D57: Hudson Mills
A58: 94 | B58: xeric | C58: 2 | D58: Pontiac Lake | F58: 15 cm dbh Acer
A59: 95 | B59: xeric | C59: 2 | D59: Pontiac Lake | F59: 15.7 cm + 13.2 cm two trunk Acer
A60: 96 | B60: xeric | C60: 2 | D60: Pontiac Lake | F60: 14.2 cm Tilia
A61: 98 | B61: mesic | C61: 2 | D61: Pontiac Lake | F61: 20.7 cm Tilia 1-stem: 2 of 3 stems are gone - also needs a tree tag
A62: 99 | B62: mesic | C62: 2 | D62: Pontiac Lake | F62: 28.5 cm dbh oak
A63: 100 | B63: xeric | C63: 2 | D63: Pontiac Lake | E63: The south microplot is underneath a log - witchhazel in the understory | F63: 34.9 cm Quercus alba
A64: 102 | B64: xeric | C64: 2 | D64: Pontiac Lake | E64: Acer saccharum - Ostrya - Carya (cordiformis and ovata (?)) - Quercus (red/black) - Tilia - Prunus - Acer rubrum - Cornus - Quercus alba - sassafrass - Populus grandidentata - Viburnum in understory - elm in swampy pond | F64: 40.0 cm Tilia
A65: 109 | B65: mesic | C65: 2 | D65: Indian Springs | F65: 7.5 cm Acer spp.
A66: 111 | B66: mesic | C66: 2 | D66: Indian Springs | E66: Lots of ash seedlings. A few small ash trees in the 8-18 m. Sugar maples - oaks in the red oak group - maybe Populus spp. | F66: Acer spp. Has fallen and is partly covered by a large fallen hickory. Created a witness tree.
A67: 4 | B67: mesic | C67: 3 | D67: Hudson Mills
A68: 5 | B68: mesic | C68: 3 | D68: Hudson Mills | E68: Tilia - red oak - hickory - musclewood - some unknown (Ostrya or cherry) - the swamp to the West has pricly ash | F68: 44.9 + 45.1 cm 2-stem Quercus rubra
A69: 6 | B69: mesic | C69: 3 | D69: Hudson Mills
A70: 17 | B70: mesic | C70: 3 | D70: Island Lake | E70: Found bladdernut in the understory. Lots of tree species including white oak - red oak - silver maple - swamp white oak - Tilia - etc. | F70: 34.4 cm Tilia americana
A71: 25 | B71: xeric | C71: 3 | D71: Proud Lake | F71: Black cherry 24.4 cm DBH
A72: 28 | B72: xeric | C72: 3 | D72: Highland | E72: Sugar maple - red oak - bitternut hickory - beech - elm in wet section. There is an approx 4.5 cm black ash at 17 meters. It has lots of bark splits and epicormics. | F72: 29.8 cm Acer saccharum
A73: 52 | B73: mesic | C73: 3 | D73: Pontiac Lake | E73: Big basswoods - oak - one ash seedling has all leaves wilted and yellow | F73: 35.0 cm red oak
A74: 54 | B74: mesic | C74: 3 | D74: Pontiac Lake | F74: Bigtooth aspen 34.7 cm
A75: 65 | B75: hydric | C75: 3 | D75: Island Lake | E75: Beech - sugar maple - American hophornbeam - Tilia - Carpinus - Prunus - swamp white oak - silver maple - elm in flooded part - cottonwood. Some ash in the 8-9 cm range (maybe white or green) | F75: 34.5 cm Quercus bicolor
A76: 68 | B76: mesic | C76: 3 | D76: Indian Springs | F76: 9.8 cm Acer saccharum
A77: 70 | B77: hydric | C77: 3 | D77: Indian Springs | E77: There are lots of about 5 cm DBH black ash in the 8-18 m. They have some older epicormic sprouts and some bad bark splitting. | F77: 4.7 cm + 3.0 cm + 5.4 cm + 10.8 cm 4-stem (2 of the six stems must have died)
A78: 74 | B78: xeric | C78: 3 | D78: Indian Springs | E78: Dominated by swamp white oak (falling over) - hickories - maples. Sparse understory - with some very interesting sedges and grasses | F78: 55.2 cm Quercus bicolor - tree tag missing
A79: 79 | B79: mesic | C79: 3 | D79: Indian Springs | E79: Maples - hickory - red oak - tuliptree - Tilia - elms in flooded part | F79: 42.8 cm Quercus rubra (on a big mound)
A80: 86 | B80: mesic | C80: 3 | D80: Highland | E80: There are lots of little ash seedlings (below 137 cm). There are also lots of invasive plants like Autumn olive - bittersweet (Celastrus I think) - barberry - multiflora rose - and others. Also two different types of dogwood - maybe a viburnum - lots of bigger oaks - basswood. There were a couple of ash trees (about 7-10 cm DBH) that were entirely dead. Would they be why there are so many ash seedlings? | F80: 37.3 cm dbh bigtooth aspen
A81: 87 | B81: mesic | C81: 3 | D81: Highland | E81: Flooded area in the 8-18 m (North side) has some black ash small trees. Tilia - sugar or red maple - cherry - beech - bitternut hickory (?) - some musclewood (dying) | F81: 13.6 cm + 33.8 cm Prunus serotina 2-stem
A82: 97 | B82: mesic | C82: 3 | D82: Pontiac Lake | F82: 26.2 cm Tilia
A83: 110 | B83: mesic | C83: 3 | D83: Indian Springs | E83: Dominated by maples - oaks (including swamp white oak - silver maple - sugar maple - red oaks) | F83: 37.7 cm Quercus spp. (likely Q. alba) 1-stem
A84: 18 | B84: mesic | C84: 4 | D84: Island Lake | E84: A 9.5 cm and an 8.5 cm black ash in the outer plot or close outside it. Red oak - red or silver maple - swamp white oak - Tilia - Carpinus - cottonwood | F84: 29.1 cm Quercus bicolor
A85: 22 | B85: hydric | C85: 4 | D85: Island Lake | E85: Swamp white oak - Tilia - beech - Carpinus - silver maple - hazelnut - cottonwood - Ilex (?) - Carya | F85: 34.1 cm Tilia
A86: 23 | B86: hydric | C86: 4 | D86: Island Lake | E86: Mostly green or pumpkin ash - not black ash as much. Water was 2-3 feet deep. | F86: 58.5 cm Acer sacharinum
A87: 24 | B87: hydric | C87: 4 | D87: Island Lake | E87: Silver maple - elm - swamp white oak - red or pin oak - Carpinus - Ilex - hickory (with a red stem) - spicebush in understory. | F87: Center tree decomposed. Only small mossy stump remains.
A88: 41 | B88: hydric | C88: 4 | D88: Kensington | E88: There is a whole field of spicebush to the North that is dying. Many leaves brown. Also a green ash outside the 18 meters. At this site: lots of Tilia - some prairie plants such as goldenrod. | F88: 7.9 cm musclewood 1-stem (the other stem is down)
A89: 61 | B89: hydric | C89: 4 | D89: Island Lake
A90: 62 | B90: hydric | C90: 4 | D90: Island Lake | E90: Many silver maple - Ilex (winterberry) - swamp white oak - elms - open area has water plantain - also lots of buckthorn. The approx. 20 meter radius has some black ash in the 8-10 cm range. Also a 9.6 cm green ash. | F90: 16.8 + 9.2 cm Acer spp. 2-stem
A91: 63 | B91: hydric | C91: 4 | D91: Island Lake | F91: 30.2 cm Acer
A92: 64 | B92: hydric | C92: 4 | D92: Island Lake | E92: Red oak - swamp white oak - musclewood - Tilia - sugar maple - elm - ash up to 7-8 cm DBH | F92: 16.8 cm Quercus bicolor
A93: 66 | B93: hydric | C93: 4 | D93: Island Lake | E93: Water 2-3 feet deep. | F93: Tree dead - approx 14 cm DBH - Note: found only 1 PVC and the tree tag. Ran out of time to replace other PVCs.
A94: 71 | B94: hydric | C94: 4 | D94: Indian Springs | E94: There are many green and black ash trees in the 5-10 cm range in the 8-18 m. The green seem to grow to bigger sizes before being killed - while the black ash die around about 8 cm. | F94: 18.9 cm Acer saccharinum (tree tag partly swallowed)
A95: 72 | B95: hydric | C95: 4 | D95: Indian Springs | F95: 38.1 cm Tamarack
A96: 76 | B96: hydric | C96: 4 | D96: Indian Springs | E96: Very flooded: about 1.5 ft of standing water | F96: 17.5 cm + 8.2 cm 2-stem Acer spp.
A97: 77 | B97: hydric | C97: 4 | D97: Indian Springs | E97: Lots of maples - maybe musclewoods (dying) - swamp white oak - ferns - about 1.5 feet of standing water | F97: 38.2 cm Acer saccharinum
A98: 78 | B98: hydric | C98: 4 | D98: Indian Springs | E98: The area is covered in fallen ash trees. Tall grasses have taken over. Mix of black and green ash in the non-flooded area. Flooded = grasses. | F98: 24.6 dbh Acer - tree tag engulfed
A99: 104 | B99: hydric | C99: 4 | D99: Indian Springs
A100: 105 | B100: hydric | C100: 4 | D100: Indian Springs
...

Sheet Sheet2
A1: center_tree_number | B1: mstrlvl | C1: plotmstr
A2: 1 | B2: xeric | C2: 1
A3: 2 | B3: xeric | C3: 1
A4: 3 | B4: xeric | C4: 1
A5: 4 | B5: mesic | C5: 3
A6: 5 | B6: mesic | C6: 3
A7: 6 | B7: mesic | C7: 3
A8: 7 | B8: xeric | C8: 1
A9: 8 | B9: xeric | C9: 1
A10: 9 | B10: xeric | C10: 1
A11: 10 | B11: xeric | C11: 2
A12: 11 | B12: xeric | C12: 2
A13: 12 | B13: xeric | C13: 1
... A130: 129 | B130: xeric | C130: 1
